Algorithm Execution [s]; Clustering [s]; Index Building [s]; Distance Calculation [s]; Points Sorting [s]; Positioning [s]; Normalization [s]; Datafile Reading [s]; Reference Points Calculation [s]; Positioning [s]; Algorithm Type; Algorithm Name; Use Cosine Similarity; Dataset File Path; Dataset Size; Dataset Maximal Dimension; Dataset Dimension Value Treshold; Dataset Internal Representation; Reference Points; Projection Dimensions; Projection Source Sequence; Placement Method; K; Eps; minEps; avgEps; maxEps; MinPts; P Sample Index; S Sample Index; Properties File Path; Report File Path
2.184; 2.184; N/A; N/A; N/A; N/A; N/A; 0.004; 0; N/A; grouping; k_neighborhood; false; datasets/dense_d2_r100000_birch1.txt; 1000; 2; 0; dense; N/A; N/A; N/A; N/A; 4; N/A; 1053.32; 4089.29; 28095.2; N/A; 0; 0; properties/0001__k_neighborhood__dense__no_cos__birch__1000.txt; logs/run_report_2012_11_18_18_23_6.txt
317.849; 317.849; N/A; N/A; N/A; N/A; N/A; 0.05; 0; N/A; grouping; k_neighborhood; false; datasets/dense_d2_r100000_birch1.txt; 5000; 2; 0; dense; N/A; N/A; N/A; N/A; 4; N/A; 982.929; 3459.04; 32494; N/A; 0; 0; properties/0002__k_neighborhood__dense__no_cos__birch__5000.txt; logs/run_report_2012_11_18_18_23_18.txt
1263.76; 1263.76; N/A; N/A; N/A; N/A; N/A; 0.222; 0; N/A; grouping; k_neighborhood; false; datasets/dense_d2_r100000_birch1.txt; 10000; 2; 0; dense; N/A; N/A; N/A; N/A; 4; N/A; 673.986; 3258.79; 32494; N/A; 0; 0; properties/0003__k_neighborhood__dense__no_cos__birch__10000.txt; logs/run_report_2012_11_18_18_28_48.txt
3.057; 3.057; N/A; N/A; N/A; N/A; N/A; 0.021; 0; N/A; grouping; k_neighborhood; false; datasets/dense_d2_r100000_birch1.txt; 1000; 2; 0; sparse; N/A; N/A; N/A; N/A; 4; N/A; 1053.32; 4089.29; 28095.2; N/A; 0; 0; properties/0011__k_neighborhood__sparse__no_cos__birch__1000.txt; logs/run_report_2012_11_18_18_50_7.txt
289.791; 289.791; N/A; N/A; N/A; N/A; N/A; 0.04; 0; N/A; grouping; k_neighborhood; false; datasets/dense_d2_r100000_birch1.txt; 5000; 2; 0; sparse; N/A; N/A; N/A; N/A; 4; N/A; 982.929; 3459.04; 32494; N/A; 0; 0; properties/0012__k_neighborhood__sparse__no_cos__birch__5000.txt; logs/run_report_2012_11_18_18_50_20.txt
1462.73; 1462.73; N/A; N/A; N/A; N/A; N/A; 0.123; 0; N/A; grouping; k_neighborhood; false; datasets/dense_d2_r100000_birch1.txt; 10000; 2; 0; sparse; N/A; N/A; N/A; N/A; 4; N/A; 673.986; 3258.79; 32494; N/A; 0; 0; properties/0013__k_neighborhood__sparse__no_cos__birch__10000.txt; logs/run_report_2012_11_18_18_55_21.txt
1.151; 1.151; N/A; N/A; N/A; N/A; N/A; 0.069; 0; N/A; grouping; k_neighborhood; false; datasets/dense_d54_r581012_covtype.txt; 1000; 54; 0; dense; N/A; N/A; N/A; N/A; 4; N/A; 51.9904; 292.798; 785.739; N/A; 0; 0; properties/0021__k_neighborhood__dense__no_cos__covtype__1000.txt; logs/run_report_2012_11_18_19_19_58.txt
63.763; 63.763; N/A; N/A; N/A; N/A; N/A; 0.196; 0; N/A; grouping; k_neighborhood; false; datasets/dense_d54_r581012_covtype.txt; 5000; 54; 0; dense; N/A; N/A; N/A; N/A; 4; N/A; 41.2432; 168.34; 785.739; N/A; 0; 0; properties/0022__k_neighborhood__dense__no_cos__covtype__5000.txt; logs/run_report_2012_11_18_19_20_10.txt
218.937; 218.937; N/A; N/A; N/A; N/A; N/A; 0.423; 0; N/A; grouping; k_neighborhood; false; datasets/dense_d54_r581012_covtype.txt; 10000; 54; 0; dense; N/A; N/A; N/A; N/A; 4; N/A; 31.257; 161.323; 785.739; N/A; 0; 0; properties/0023__k_neighborhood__dense__no_cos__covtype__10000.txt; logs/run_report_2012_11_18_19_21_25.txt
1.208; 1.208; N/A; N/A; N/A; N/A; N/A; 0.05; 0; N/A; grouping; k_neighborhood; false; datasets/dense_d54_r581012_covtype.txt; 1000; 54; 0; sparse; N/A; N/A; N/A; N/A; 4; N/A; 51.9904; 292.798; 785.739; N/A; 0; 0; properties/0031__k_neighborhood__sparse__no_cos__covtype__1000.txt; logs/run_report_2012_11_18_19_25_17.txt
87.852; 87.852; N/A; N/A; N/A; N/A; N/A; 0.181; 0; N/A; grouping; k_neighborhood; false; datasets/dense_d54_r581012_covtype.txt; 5000; 54; 0; sparse; N/A; N/A; N/A; N/A; 4; N/A; 41.2432; 168.34; 785.739; N/A; 0; 0; properties/0032__k_neighborhood__sparse__no_cos__covtype__5000.txt; logs/run_report_2012_11_18_19_25_29.txt
263.824; 263.824; N/A; N/A; N/A; N/A; N/A; 0.392; 0; N/A; grouping; k_neighborhood; false; datasets/dense_d54_r581012_covtype.txt; 10000; 54; 0; sparse; N/A; N/A; N/A; N/A; 4; N/A; 31.257; 161.323; 785.739; N/A; 0; 0; properties/0033__k_neighborhood__sparse__no_cos__covtype__10000.txt; logs/run_report_2012_11_18_19_27_9.txt
0.841; 0.841; N/A; N/A; N/A; N/A; N/A; 0.052; 0; N/A; grouping; k_neighborhood; false; datasets/dense_d56_r100000_cup98.txt; 1000; 56; 0; dense; N/A; N/A; N/A; N/A; 4; N/A; 0; 100.592; 821.297; N/A; 0; 0; properties/0041__k_neighborhood__dense__no_cos__cup98__1000.txt; logs/run_report_2012_11_18_19_31_47.txt
36.72; 36.72; N/A; N/A; N/A; N/A; N/A; 0.235; 0; N/A; grouping; k_neighborhood; false; datasets/dense_d56_r100000_cup98.txt; 5000; 56; 0; dense; N/A; N/A; N/A; N/A; 4; N/A; 0; 71.7396; 725.346; N/A; 0; 0; properties/0042__k_neighborhood__dense__no_cos__cup98__5000.txt; logs/run_report_2012_11_18_19_31_58.txt
113.227; 113.227; N/A; N/A; N/A; N/A; N/A; 0.488; 0; N/A; grouping; k_neighborhood; false; datasets/dense_d56_r100000_cup98.txt; 10000; 56; 0; dense; N/A; N/A; N/A; N/A; 4; N/A; 0; 63.4247; 710.167; N/A; 0; 0; properties/0043__k_neighborhood__dense__no_cos__cup98__10000.txt; logs/run_report_2012_11_18_19_32_47.txt
1.509; 1.509; N/A; N/A; N/A; N/A; N/A; 0.062; 0; N/A; grouping; k_neighborhood; false; datasets/dense_d56_r100000_cup98.txt; 1000; 56; 0; sparse; N/A; N/A; N/A; N/A; 4; N/A; 0; 100.592; 821.297; N/A; 0; 0; properties/0051__k_neighborhood__sparse__no_cos__cup98__1000.txt; logs/run_report_2012_11_18_19_34_54.txt
49.438; 49.438; N/A; N/A; N/A; N/A; N/A; 0.262; 0; N/A; grouping; k_neighborhood; false; datasets/dense_d56_r100000_cup98.txt; 5000; 56; 0; sparse; N/A; N/A; N/A; N/A; 4; N/A; 0; 71.7396; 725.346; N/A; 0; 0; properties/0052__k_neighborhood__sparse__no_cos__cup98__5000.txt; logs/run_report_2012_11_18_19_35_5.txt
204.121; 204.121; N/A; N/A; N/A; N/A; N/A; 0.547; 0; N/A; grouping; k_neighborhood; false; datasets/dense_d56_r100000_cup98.txt; 10000; 56; 0; sparse; N/A; N/A; N/A; N/A; 4; N/A; 0; 63.4247; 710.167; N/A; 0; 0; properties/0053__k_neighborhood__sparse__no_cos__cup98__10000.txt; logs/run_report_2012_11_18_19_36_7.txt
0.814; 0.814; N/A; N/A; N/A; N/A; N/A; 0.008; 0; N/A; grouping; k_neighborhood; false; datasets/dense_d2_r62556_sequoia.txt; 1000; 2; 0; dense; N/A; N/A; N/A; N/A; 4; N/A; 668.797; 18829.2; 123284; N/A; 0; 0; properties/0061__k_neighborhood__dense__no_cos__sequoia__1000.txt; logs/run_report_2012_11_18_19_39_45.txt
27.358; 27.358; N/A; N/A; N/A; N/A; N/A; 0.033; 0; N/A; grouping; k_neighborhood; false; datasets/dense_d2_r62556_sequoia.txt; 5000; 2; 0; dense; N/A; N/A; N/A; N/A; 4; N/A; 541.673; 8447.98; 52518; N/A; 0; 0; properties/0062__k_neighborhood__dense__no_cos__sequoia__5000.txt; logs/run_report_2012_11_18_19_39_56.txt
140.119; 140.119; N/A; N/A; N/A; N/A; N/A; 0.05; 0; N/A; grouping; k_neighborhood; false; datasets/dense_d2_r62556_sequoia.txt; 10000; 2; 0; dense; N/A; N/A; N/A; N/A; 4; N/A; 494.033; 5994.92; 456852; N/A; 0; 0; properties/0063__k_neighborhood__dense__no_cos__sequoia__10000.txt; logs/run_report_2012_11_18_19_40_34.txt
0.815; 0.815; N/A; N/A; N/A; N/A; N/A; 0.008; 0; N/A; grouping; k_neighborhood; false; datasets/dense_d2_r62556_sequoia.txt; 1000; 2; 0; sparse; N/A; N/A; N/A; N/A; 4; N/A; 668.797; 18829.2; 123284; N/A; 0; 0; properties/0071__k_neighborhood__sparse__no_cos__sequoia__1000.txt; logs/run_report_2012_11_18_19_43_9.txt
26.387; 26.387; N/A; N/A; N/A; N/A; N/A; 0.021; 0; N/A; grouping; k_neighborhood; false; datasets/dense_d2_r62556_sequoia.txt; 5000; 2; 0; sparse; N/A; N/A; N/A; N/A; 4; N/A; 541.673; 8447.98; 52518; N/A; 0; 0; properties/0072__k_neighborhood__sparse__no_cos__sequoia__5000.txt; logs/run_report_2012_11_18_19_43_20.txt
134.24; 134.24; N/A; N/A; N/A; N/A; N/A; 0.061; 0; N/A; grouping; k_neighborhood; false; datasets/dense_d2_r62556_sequoia.txt; 10000; 2; 0; sparse; N/A; N/A; N/A; N/A; 4; N/A; 494.033; 5994.92; 456852; N/A; 0; 0; properties/0073__k_neighborhood__sparse__no_cos__sequoia__10000.txt; logs/run_report_2012_11_18_19_43_57.txt
230.914; 230.914; N/A; N/A; N/A; N/A; N/A; 1.686; 0; N/A; grouping; k_neighborhood; false; datasets/sparse_d126373_r8580_karypis_sport.txt; 1000; 126373; 0; dense; N/A; N/A; N/A; N/A; 4; N/A; 2; 19.5656; 91.1702; N/A; 0; 0; properties/0081__k_neighborhood__dense__no_cos__karypis_sport__1000.txt; logs/run_report_2012_11_18_19_46_26.txt
4.585; 4.585; N/A; N/A; N/A; N/A; N/A; 0.115; 0; N/A; grouping; k_neighborhood; false; datasets/sparse_d126373_r8580_karypis_sport.txt; 1000; 126373; 0; sparse; N/A; N/A; N/A; N/A; 4; N/A; 2; 19.5656; 91.1702; N/A; 0; 0; properties/0091__k_neighborhood__sparse__no_cos__karypis_sport__1000.txt; logs/run_report_2012_11_18_19_50_30.txt
25.363; 25.363; N/A; N/A; N/A; N/A; N/A; 0.351; 0; N/A; grouping; k_neighborhood; false; datasets/sparse_d126373_r8580_karypis_sport.txt; 3000; 126373; 0; sparse; N/A; N/A; N/A; N/A; 4; N/A; 1.41421; 18.7792; 105.995; N/A; 0; 0; properties/0092__k_neighborhood__sparse__no_cos__karypis_sport__3000.txt; logs/run_report_2012_11_18_19_50_45.txt
77.079; 77.079; N/A; N/A; N/A; N/A; N/A; 0.565; 0; N/A; grouping; k_neighborhood; false; datasets/sparse_d126373_r8580_karypis_sport.txt; 5000; 126373; 0; sparse; N/A; N/A; N/A; N/A; 4; N/A; 1.41421; 19.6458; 142.664; N/A; 0; 0; properties/0093__k_neighborhood__sparse__no_cos__karypis_sport__5000.txt; logs/run_report_2012_11_18_19_51_22.txt
151.061; 151.061; N/A; N/A; N/A; N/A; N/A; 0.783; 0; N/A; grouping; k_neighborhood; false; datasets/sparse_d126373_r8580_karypis_sport.txt; 7000; 126373; 0; sparse; N/A; N/A; N/A; N/A; 4; N/A; 0; 20.1219; 142.664; N/A; 0; 0; properties/0094__k_neighborhood__sparse__no_cos__karypis_sport__7000.txt; logs/run_report_2012_11_18_19_52_51.txt
247.185; 247.185; N/A; N/A; N/A; N/A; N/A; 0.978; 0; N/A; grouping; k_neighborhood; false; datasets/sparse_d126373_r8580_karypis_sport.txt; 8580; 126373; 0; sparse; N/A; N/A; N/A; N/A; 4; N/A; 0; 20.1333; 232.448; N/A; 0; 0; properties/0095__k_neighborhood__sparse__no_cos__karypis_sport__8580.txt; logs/run_report_2012_11_18_19_55_35.txt
0.015; 0.012; N/A; 0.003; 0; 0.005; N/A; 0.007; 0; 0.005; classification; ti_k_neighborhood; false; datasets/dense_d2_r100000_birch1.txt; 1000; 2; 0; dense; [max]; N/A; N/A; binary; 4; N/A; 1053.32; 4089.29; 28095.2; N/A; 0; 0; properties/0101__ti_k_neighborhood__dense__no_cos__birch__1000.txt; logs/run_report_2012_11_18_19_59_55.txt
0.427; 0.402; N/A; 0.024; 0.001; 0.055; N/A; 0.028; 0.001; 0.055; classification; ti_k_neighborhood; false; datasets/dense_d2_r100000_birch1.txt; 5000; 2; 0; dense; [max]; N/A; N/A; binary; 4; N/A; 982.929; 3459.04; 32494; N/A; 0; 0; properties/0102__ti_k_neighborhood__dense__no_cos__birch__5000.txt; logs/run_report_2012_11_18_20_0_6.txt
2.179; 2.078; N/A; 0.098; 0.003; 0.221; N/A; 0.031; 0; 0.221; classification; ti_k_neighborhood; false; datasets/dense_d2_r100000_birch1.txt; 10000; 2; 0; dense; [max]; N/A; N/A; binary; 4; N/A; 673.986; 3258.79; 32494; N/A; 0; 0; properties/0103__ti_k_neighborhood__dense__no_cos__birch__10000.txt; logs/run_report_2012_11_18_20_0_18.txt
13.843; 13.014; N/A; 0.819; 0.01; 2.067; N/A; 0.169; 0.001; 2.067; classification; ti_k_neighborhood; false; datasets/dense_d2_r100000_birch1.txt; 30000; 2; 0; dense; [max]; N/A; N/A; binary; 4; N/A; 548.733; 3127.89; 32494; N/A; 0; 0; properties/0104__ti_k_neighborhood__dense__no_cos__birch__30000.txt; logs/run_report_2012_11_18_20_0_35.txt
5.946; 3.43; N/A; 2.492; 0.024; 2.113; N/A; 0.478; 0.001; 2.113; classification; ti_k_neighborhood; false; datasets/dense_d2_r100000_birch1.txt; 60000; 2; 0; dense; [max]; N/A; N/A; binary; 4; N/A; 548.733; 3104; 37989.3; N/A; 0; 0; properties/0105__ti_k_neighborhood__dense__no_cos__birch__60000.txt; logs/run_report_2012_11_18_20_1_20.txt
0.015; 0.014; N/A; 0.001; 0; 0.004; N/A; 0.006; 0; 0.004; classification; ti_k_neighborhood; false; datasets/dense_d2_r100000_birch1.txt; 1000; 2; 0; sparse; [max]; N/A; N/A; binary; 4; N/A; 1053.32; 4089.29; 28095.2; N/A; 0; 0; properties/0111__ti_k_neighborhood__sparse__no_cos__birch__1000.txt; logs/run_report_2012_11_18_20_2_26.txt
0.578; 0.545; N/A; 0.032; 0.001; 0.096; N/A; 0.036; 0; 0.096; classification; ti_k_neighborhood; false; datasets/dense_d2_r100000_birch1.txt; 5000; 2; 0; sparse; [max]; N/A; N/A; binary; 4; N/A; 982.929; 3459.04; 32494; N/A; 0; 0; properties/0112__ti_k_neighborhood__sparse__no_cos__birch__5000.txt; logs/run_report_2012_11_18_20_2_36.txt
2.638; 2.478; N/A; 0.157; 0.003; 0.084; N/A; 0.066; 0; 0.084; classification; ti_k_neighborhood; false; datasets/dense_d2_r100000_birch1.txt; 10000; 2; 0; sparse; [max]; N/A; N/A; binary; 4; N/A; 673.986; 3258.79; 32494; N/A; 0; 0; properties/0113__ti_k_neighborhood__sparse__no_cos__birch__10000.txt; logs/run_report_2012_11_18_20_2_49.txt
14.777; 13.302; N/A; 1.465; 0.01; 2.804; N/A; 0.246; 0; 2.804; classification; ti_k_neighborhood; false; datasets/dense_d2_r100000_birch1.txt; 30000; 2; 0; sparse; [max]; N/A; N/A; binary; 4; N/A; 548.733; 3127.89; 32494; N/A; 0; 0; properties/0114__ti_k_neighborhood__sparse__no_cos__birch__30000.txt; logs/run_report_2012_11_18_20_3_7.txt
7.595; 4.573; N/A; 2.999; 0.023; 1.238; N/A; 0.689; 0.002; 1.238; classification; ti_k_neighborhood; false; datasets/dense_d2_r100000_birch1.txt; 60000; 2; 0; sparse; [max]; N/A; N/A; binary; 4; N/A; 548.733; 3104; 37989.3; N/A; 0; 0; properties/0115__ti_k_neighborhood__sparse__no_cos__birch__60000.txt; logs/run_report_2012_11_18_20_3_57.txt
0.031; 0.03; N/A; 0.001; 0; 0.002; N/A; 0.042; 0; 0.002; classification; ti_k_neighborhood; false; datasets/dense_d54_r581012_covtype.txt; 1000; 54; 0; dense; [max]; N/A; N/A; binary; 4; N/A; 51.9904; 292.798; 785.739; N/A; 0; 0; properties/0121__ti_k_neighborhood__dense__no_cos__covtype__1000.txt; logs/run_report_2012_11_18_20_5_13.txt
1.496; 1.429; N/A; 0.066; 0.001; 0.104; N/A; 0.124; 0.001; 0.104; classification; ti_k_neighborhood; false; datasets/dense_d54_r581012_covtype.txt; 5000; 54; 0; dense; [max]; N/A; N/A; binary; 4; N/A; 41.2432; 168.34; 785.739; N/A; 0; 0; properties/0122__ti_k_neighborhood__dense__no_cos__covtype__5000.txt; logs/run_report_2012_11_18_20_5_23.txt
6.738; 6.313; N/A; 0.422; 0.003; 0.505; N/A; 0.299; 0.003; 0.505; classification; ti_k_neighborhood; false; datasets/dense_d54_r581012_covtype.txt; 10000; 54; 0; dense; [max]; N/A; N/A; binary; 4; N/A; 31.257; 161.323; 785.739; N/A; 0; 0; properties/0123__ti_k_neighborhood__dense__no_cos__covtype__10000.txt; logs/run_report_2012_11_18_20_5_40.txt
10.064; 8.092; N/A; 1.963; 0.009; 1.51; N/A; 1.33; 0.008; 1.51; classification; ti_k_neighborhood; false; datasets/dense_d54_r581012_covtype.txt; 30000; 54; 0; dense; [max]; N/A; N/A; binary; 4; N/A; 20.1494; 99.6876; 870.134; N/A; 0; 0; properties/0124__ti_k_neighborhood__dense__no_cos__covtype__30000.txt; logs/run_report_2012_11_18_20_6_7.txt
35.428; 30.608; N/A; 4.801; 0.019; 7.317; N/A; 2.161; 0.033; 7.317; classification; ti_k_neighborhood; false; datasets/dense_d54_r581012_covtype.txt; 60000; 54; 0; dense; [max]; N/A; N/A; binary; 4; N/A; 20.1494; 74.5501; 870.134; N/A; 0; 0; properties/0125__ti_k_neighborhood__dense__no_cos__covtype__60000.txt; logs/run_report_2012_11_18_20_6_57.txt
0.063; 0.062; N/A; 0.001; 0; 0.003; N/A; 0.039; 0.001; 0.003; classification; ti_k_neighborhood; false; datasets/dense_d54_r581012_covtype.txt; 1000; 54; 0; sparse; [max]; N/A; N/A; binary; 4; N/A; 51.9904; 292.798; 785.739; N/A; 0; 0; properties/0131__ti_k_neighborhood__sparse__no_cos__covtype__1000.txt; logs/run_report_2012_11_18_20_8_45.txt
1.942; 1.882; N/A; 0.059; 0.001; 0.021; N/A; 0.151; 0.004; 0.021; classification; ti_k_neighborhood; false; datasets/dense_d54_r581012_covtype.txt; 5000; 54; 0; sparse; [max]; N/A; N/A; binary; 4; N/A; 41.2432; 168.34; 785.739; N/A; 0; 0; properties/0132__ti_k_neighborhood__sparse__no_cos__covtype__5000.txt; logs/run_report_2012_11_18_20_8_56.txt
7.736; 7.501; N/A; 0.233; 0.002; 0.178; N/A; 0.32; 0.007; 0.178; classification; ti_k_neighborhood; false; datasets/dense_d54_r581012_covtype.txt; 10000; 54; 0; sparse; [max]; N/A; N/A; binary; 4; N/A; 31.257; 161.323; 785.739; N/A; 0; 0; properties/0133__ti_k_neighborhood__sparse__no_cos__covtype__10000.txt; logs/run_report_2012_11_18_20_9_12.txt
13.902; 12.079; N/A; 1.814; 0.009; 2.55; N/A; 1.477; 0.026; 2.55; classification; ti_k_neighborhood; false; datasets/dense_d54_r581012_covtype.txt; 30000; 54; 0; sparse; [max]; N/A; N/A; binary; 4; N/A; 20.1494; 99.6876; 870.134; N/A; 0; 0; properties/0134__ti_k_neighborhood__sparse__no_cos__covtype__30000.txt; logs/run_report_2012_11_18_20_9_41.txt
28.389; 24.372; N/A; 3.997; 0.02; 4.773; N/A; 3.641; 0.091; 4.773; classification; ti_k_neighborhood; false; datasets/dense_d54_r581012_covtype.txt; 60000; 54; 0; sparse; [max]; N/A; N/A; binary; 4; N/A; 20.1494; 74.5501; 870.134; N/A; 0; 0; properties/0135__ti_k_neighborhood__sparse__no_cos__covtype__60000.txt; logs/run_report_2012_11_18_20_10_41.txt
0.029; 0.027; N/A; 0.001; 0.001; 0.002; N/A; 0.045; 0; 0.002; classification; ti_k_neighborhood; false; datasets/dense_d56_r100000_cup98.txt; 1000; 56; 0; dense; [max]; N/A; N/A; binary; 4; N/A; 0; 101.465; 821.297; N/A; 0; 0; properties/0141__ti_k_neighborhood__dense__no_cos__cup98__1000.txt; logs/run_report_2012_11_18_20_12_20.txt
1.408; 1.332; N/A; 0.075; 0.001; 0.05; N/A; 0.172; 0.002; 0.05; classification; ti_k_neighborhood; false; datasets/dense_d56_r100000_cup98.txt; 5000; 56; 0; dense; [max]; N/A; N/A; binary; 4; N/A; 0; 72.0272; 725.346; N/A; 0; 0; properties/0142__ti_k_neighborhood__dense__no_cos__cup98__5000.txt; logs/run_report_2012_11_18_20_12_30.txt
5.545; 5.176; N/A; 0.366; 0.003; 0.318; N/A; 0.391; 0.002; 0.318; classification; ti_k_neighborhood; false; datasets/dense_d56_r100000_cup98.txt; 10000; 56; 0; dense; [max]; N/A; N/A; binary; 4; N/A; 0; 63.946; 710.167; N/A; 0; 0; properties/0143__ti_k_neighborhood__dense__no_cos__cup98__10000.txt; logs/run_report_2012_11_18_20_12_46.txt
12.882; 11.616; N/A; 1.255; 0.011; 6.196; N/A; 1.614; 0.009; 6.196; classification; ti_k_neighborhood; false; datasets/dense_d56_r100000_cup98.txt; 30000; 56; 0; dense; [max]; N/A; N/A; binary; 4; N/A; 0; 52.6968; 608.062; N/A; 0; 0; properties/0144__ti_k_neighborhood__dense__no_cos__cup98__30000.txt; logs/run_report_2012_11_18_20_13_11.txt
52.196; 49.204; N/A; 2.968; 0.024; 12.851; N/A; 3.065; 0.038; 12.851; classification; ti_k_neighborhood; false; datasets/dense_d56_r100000_cup98.txt; 60000; 56; 0; dense; [max]; N/A; N/A; binary; 4; N/A; 0; 46.9254; 589.488; N/A; 0; 0; properties/0145__ti_k_neighborhood__dense__no_cos__cup98__60000.txt; logs/run_report_2012_11_18_20_14_6.txt
0.077; 0.074; N/A; 0.003; 0; 0.003; N/A; 0.063; 0.002; 0.003; classification; ti_k_neighborhood; false; datasets/dense_d56_r100000_cup98.txt; 1000; 56; 0; sparse; [max]; N/A; N/A; binary; 4; N/A; 0; 101.465; 821.297; N/A; 0; 0; properties/0151__ti_k_neighborhood__sparse__no_cos__cup98__1000.txt; logs/run_report_2012_11_18_20_16_16.txt
2.056; 2.023; N/A; 0.031; 0.002; 0.055; N/A; 0.222; 0.01; 0.055; classification; ti_k_neighborhood; false; datasets/dense_d56_r100000_cup98.txt; 5000; 56; 0; sparse; [max]; N/A; N/A; binary; 4; N/A; 0; 72.0272; 725.346; N/A; 0; 0; properties/0152__ti_k_neighborhood__sparse__no_cos__cup98__5000.txt; logs/run_report_2012_11_18_20_16_26.txt
7.807; 7.729; N/A; 0.075; 0.003; 0.298; N/A; 0.501; 0.03; 0.298; classification; ti_k_neighborhood; false; datasets/dense_d56_r100000_cup98.txt; 10000; 56; 0; sparse; [max]; N/A; N/A; binary; 4; N/A; 0; 63.946; 710.167; N/A; 0; 0; properties/0153__ti_k_neighborhood__sparse__no_cos__cup98__10000.txt; logs/run_report_2012_11_18_20_16_43.txt
44.906; 44.595; N/A; 0.298; 0.013; 1.87; N/A; 1.82; 0.125; 1.87; classification; ti_k_neighborhood; false; datasets/dense_d56_r100000_cup98.txt; 30000; 56; 0; sparse; [max]; N/A; N/A; binary; 4; N/A; 0; 52.6968; 608.062; N/A; 0; 0; properties/0154__ti_k_neighborhood__sparse__no_cos__cup98__30000.txt; logs/run_report_2012_11_18_20_17_9.txt
145.251; 144.646; N/A; 0.574; 0.031; 7.581; N/A; 3.021; 0.271; 7.581; classification; ti_k_neighborhood; false; datasets/dense_d56_r100000_cup98.txt; 60000; 56; 0; sparse; [max]; N/A; N/A; binary; 4; N/A; 0; 46.9254; 589.488; N/A; 0; 0; properties/0155__ti_k_neighborhood__sparse__no_cos__cup98__60000.txt; logs/run_report_2012_11_18_20_18_35.txt
0.022; 0.021; N/A; 0.001; 0; 0.004; N/A; 0.008; 0; 0.004; classification; ti_k_neighborhood; false; datasets/dense_d2_r62556_sequoia.txt; 1000; 2; 0; dense; [max]; N/A; N/A; binary; 4; N/A; 668.797; 18825.1; 123284; N/A; 0; 0; properties/0161__ti_k_neighborhood__dense__no_cos__sequoia__1000.txt; logs/run_report_2012_11_18_20_22_51.txt
0.467; 0.443; N/A; 0.023; 0.001; 0.083; N/A; 0.029; 0; 0.083; classification; ti_k_neighborhood; false; datasets/dense_d2_r62556_sequoia.txt; 5000; 2; 0; dense; [max]; N/A; N/A; binary; 4; N/A; 541.673; 8441.75; 52518; N/A; 0; 0; properties/0162__ti_k_neighborhood__dense__no_cos__sequoia__5000.txt; logs/run_report_2012_11_18_20_23_2.txt
1.63; 1.524; N/A; 0.103; 0.003; 0.181; N/A; 0.05; 0; 0.181; classification; ti_k_neighborhood; false; datasets/dense_d2_r62556_sequoia.txt; 10000; 2; 0; dense; [max]; N/A; N/A; binary; 4; N/A; 494.033; 5995.8; 456852; N/A; 0; 0; properties/0163__ti_k_neighborhood__dense__no_cos__sequoia__10000.txt; logs/run_report_2012_11_18_20_23_13.txt
10.22; 9.456; N/A; 0.754; 0.01; 0.532; N/A; 0.172; 0; 0.532; classification; ti_k_neighborhood; false; datasets/dense_d2_r62556_sequoia.txt; 30000; 2; 0; dense; [max]; N/A; N/A; binary; 4; N/A; 252.42; 3488.74; 519613; N/A; 0; 0; properties/0164__ti_k_neighborhood__dense__no_cos__sequoia__30000.txt; logs/run_report_2012_11_18_20_23_28.txt
33.753; 31.683; N/A; 2.046; 0.024; 3.36; N/A; 0.485; 0.001; 3.36; classification; ti_k_neighborhood; false; datasets/dense_d2_r62556_sequoia.txt; 60000; 2; 0; dense; [max]; N/A; N/A; binary; 4; N/A; 0; 2448.26; 508745; N/A; 0; 0; properties/0165__ti_k_neighborhood__dense__no_cos__sequoia__60000.txt; logs/run_report_2012_11_18_20_24_7.txt
0.034; 0.032; N/A; 0.002; 0; 0.005; N/A; 0.01; 0; 0.005; classification; ti_k_neighborhood; false; datasets/dense_d2_r62556_sequoia.txt; 1000; 2; 0; sparse; [max]; N/A; N/A; binary; 4; N/A; 668.797; 18825.1; 123284; N/A; 0; 0; properties/0171__ti_k_neighborhood__sparse__no_cos__sequoia__1000.txt; logs/run_report_2012_11_18_20_25_34.txt
0.546; 0.518; N/A; 0.027; 0.001; 0.07; N/A; 0.032; 0; 0.07; classification; ti_k_neighborhood; false; datasets/dense_d2_r62556_sequoia.txt; 5000; 2; 0; sparse; [max]; N/A; N/A; binary; 4; N/A; 541.673; 8441.75; 52518; N/A; 0; 0; properties/0172__ti_k_neighborhood__sparse__no_cos__sequoia__5000.txt; logs/run_report_2012_11_18_20_25_44.txt
1.909; 1.776; N/A; 0.13; 0.003; 0.163; N/A; 0.059; 0; 0.163; classification; ti_k_neighborhood; false; datasets/dense_d2_r62556_sequoia.txt; 10000; 2; 0; sparse; [max]; N/A; N/A; binary; 4; N/A; 494.033; 5995.8; 456852; N/A; 0; 0; properties/0173__ti_k_neighborhood__sparse__no_cos__sequoia__10000.txt; logs/run_report_2012_11_18_20_25_56.txt
11.614; 10.688; N/A; 0.916; 0.01; 1.739; N/A; 0.225; 0.001; 1.739; classification; ti_k_neighborhood; false; datasets/dense_d2_r62556_sequoia.txt; 30000; 2; 0; sparse; [max]; N/A; N/A; binary; 4; N/A; 252.42; 3488.74; 519613; N/A; 0; 0; properties/0174__ti_k_neighborhood__sparse__no_cos__sequoia__30000.txt; logs/run_report_2012_11_18_20_26_12.txt
37.309; 35.134; N/A; 2.151; 0.024; 4.417; N/A; 0.609; 0.002; 4.417; classification; ti_k_neighborhood; false; datasets/dense_d2_r62556_sequoia.txt; 60000; 2; 0; sparse; [max]; N/A; N/A; binary; 4; N/A; 0; 2448.26; 508745; N/A; 0; 0; properties/0175__ti_k_neighborhood__sparse__no_cos__sequoia__60000.txt; logs/run_report_2012_11_18_20_26_56.txt
2.049; 2.042; N/A; 0.006; 0.001; 0.006; N/A; 0.143; 13.186; 0.006; classification; ti_k_neighborhood; false; datasets/sparse_d126373_r8580_karypis_sport.txt; 1000; 126373; 0; sparse; [max]; N/A; N/A; binary; 4; N/A; 2; 19.6; 91.1702; N/A; 0; 0; properties/0191__ti_k_neighborhood__sparse__no_cos__karypis_sport__1000.txt; logs/run_report_2012_11_18_20_28_29.txt
15.446; 15.434; N/A; 0.011; 0.001; 0.041; N/A; 0.325; 40.627; 0.041; classification; ti_k_neighborhood; false; datasets/sparse_d126373_r8580_karypis_sport.txt; 3000; 126373; 0; sparse; [max]; N/A; N/A; binary; 4; N/A; 1.41421; 18.7898; 105.995; N/A; 0; 0; properties/0192__ti_k_neighborhood__sparse__no_cos__karypis_sport__3000.txt; logs/run_report_2012_11_18_20_28_54.txt
45.371; 45.353; N/A; 0.017; 0.001; 0.084; N/A; 0.563; 138.988; 0.084; classification; ti_k_neighborhood; false; datasets/sparse_d126373_r8580_karypis_sport.txt; 5000; 126373; 0; sparse; [max]; N/A; N/A; binary; 4; N/A; 1.41421; 19.6558; 142.664; N/A; 0; 0; properties/0193__ti_k_neighborhood__sparse__no_cos__karypis_sport__5000.txt; logs/run_report_2012_11_18_20_30_3.txt
106.919; 106.875; N/A; 0.042; 0.002; 0.195; N/A; 0.802; 210.025; 0.195; classification; ti_k_neighborhood; false; datasets/sparse_d126373_r8580_karypis_sport.txt; 7000; 126373; 0; sparse; [max]; N/A; N/A; binary; 4; N/A; 0; 20.1539; 142.664; N/A; 0; 0; properties/0194__ti_k_neighborhood__sparse__no_cos__karypis_sport__7000.txt; logs/run_report_2012_11_18_20_33_22.txt
156.492; 156.445; N/A; 0.045; 0.002; 0.232; N/A; 0.986; 260.39; 0.232; classification; ti_k_neighborhood; false; datasets/sparse_d126373_r8580_karypis_sport.txt; 8580; 126373; 0; sparse; [max]; N/A; N/A; binary; 4; N/A; 0; 20.1623; 232.448; N/A; 0; 0; properties/0195__ti_k_neighborhood__sparse__no_cos__karypis_sport__8580.txt; logs/run_report_2012_11_18_20_38_55.txt
0.074; 0.041; 0.033; N/A; N/A; N/A; N/A; 0.003; 0; N/A; classification; vp_tree; false; datasets/dense_d2_r100000_birch1.txt; 1000; 2; 0; dense; N/A; N/A; N/A; binary; 4; N/A; 1.79769e+308; -1.#IND; N/A; N/A; 10; 6; properties/0201__vp_tree__dense__no_cos__birch__1000.txt; logs/run_report_2012_11_18_20_46_10.txt
0.562; 0.385; 0.177; N/A; N/A; N/A; N/A; 0.027; 0; N/A; classification; vp_tree; false; datasets/dense_d2_r100000_birch1.txt; 5000; 2; 0; dense; N/A; N/A; N/A; binary; 4; N/A; 1.79769e+308; -1.#IND; N/A; N/A; 10; 6; properties/0202__vp_tree__dense__no_cos__birch__5000.txt; logs/run_report_2012_11_18_20_46_20.txt
1.465; 1.087; 0.378; N/A; N/A; N/A; N/A; 0.047; 0; N/A; classification; vp_tree; false; datasets/dense_d2_r100000_birch1.txt; 10000; 2; 0; dense; N/A; N/A; N/A; binary; 4; N/A; 1.79769e+308; -1.#IND; N/A; N/A; 10; 6; properties/0203__vp_tree__dense__no_cos__birch__10000.txt; logs/run_report_2012_11_18_20_46_32.txt
6.379; 5.101; 1.278; N/A; N/A; N/A; N/A; 0.095; 0; N/A; classification; vp_tree; false; datasets/dense_d2_r100000_birch1.txt; 30000; 2; 0; dense; N/A; N/A; N/A; binary; 4; N/A; 1.79769e+308; -1.#IND; N/A; N/A; 10; 6; properties/0204__vp_tree__dense__no_cos__birch__30000.txt; logs/run_report_2012_11_18_20_46_47.txt
16.133; 13.548; 2.585; N/A; N/A; N/A; N/A; 0.173; 0; N/A; classification; vp_tree; false; datasets/dense_d2_r100000_birch1.txt; 60000; 2; 0; dense; N/A; N/A; N/A; binary; 4; N/A; 1.79769e+308; -1.#IND; N/A; N/A; 10; 6; properties/0205__vp_tree__dense__no_cos__birch__60000.txt; logs/run_report_2012_11_18_20_47_26.txt
0.099; 0.062; 0.037; N/A; N/A; N/A; N/A; 0.005; 0; N/A; classification; vp_tree; false; datasets/dense_d2_r100000_birch1.txt; 1000; 2; 0; sparse; N/A; N/A; N/A; binary; 4; N/A; 1.79769e+308; -1.#IND; N/A; N/A; 10; 6; properties/0211__vp_tree__sparse__no_cos__birch__1000.txt; logs/run_report_2012_11_18_20_48_21.txt
0.542; 0.352; 0.19; N/A; N/A; N/A; N/A; 0.032; 0; N/A; classification; vp_tree; false; datasets/dense_d2_r100000_birch1.txt; 5000; 2; 0; sparse; N/A; N/A; N/A; binary; 4; N/A; 1.79769e+308; -1.#IND; N/A; N/A; 10; 6; properties/0212__vp_tree__sparse__no_cos__birch__5000.txt; logs/run_report_2012_11_18_20_48_31.txt
1.74; 1.349; 0.391; N/A; N/A; N/A; N/A; 0.056; 0; N/A; classification; vp_tree; false; datasets/dense_d2_r100000_birch1.txt; 10000; 2; 0; sparse; N/A; N/A; N/A; binary; 4; N/A; 1.79769e+308; -1.#IND; N/A; N/A; 10; 6; properties/0213__vp_tree__sparse__no_cos__birch__10000.txt; logs/run_report_2012_11_18_20_48_42.txt
5.753; 4.014; 1.739; N/A; N/A; N/A; N/A; 0.125; 0; N/A; classification; vp_tree; false; datasets/dense_d2_r100000_birch1.txt; 30000; 2; 0; sparse; N/A; N/A; N/A; binary; 4; N/A; 1.79769e+308; -1.#IND; N/A; N/A; 10; 6; properties/0214__vp_tree__sparse__no_cos__birch__30000.txt; logs/run_report_2012_11_18_20_48_54.txt
15.321; 12.643; 2.678; N/A; N/A; N/A; N/A; 0.238; 0; N/A; classification; vp_tree; false; datasets/dense_d2_r100000_birch1.txt; 60000; 2; 0; sparse; N/A; N/A; N/A; binary; 4; N/A; 1.79769e+308; -1.#IND; N/A; N/A; 10; 6; properties/0215__vp_tree__sparse__no_cos__birch__60000.txt; logs/run_report_2012_11_18_20_49_27.txt
0.121; 0.083; 0.038; N/A; N/A; N/A; N/A; 0.028; 0; N/A; classification; vp_tree; false; datasets/dense_d54_r581012_covtype.txt; 1000; 54; 0; dense; N/A; N/A; N/A; binary; 4; N/A; 1.79769e+308; -1.#IND; N/A; N/A; 10; 6; properties/0221__vp_tree__dense__no_cos__covtype__1000.txt; logs/run_report_2012_11_18_20_50_26.txt
1.347; 1.086; 0.261; N/A; N/A; N/A; N/A; 0.098; 0; N/A; classification; vp_tree; false; datasets/dense_d54_r581012_covtype.txt; 5000; 54; 0; dense; N/A; N/A; N/A; binary; 4; N/A; 1.79769e+308; -1.#IND; N/A; N/A; 10; 6; properties/0222__vp_tree__dense__no_cos__covtype__5000.txt; logs/run_report_2012_11_18_20_50_36.txt
2.874; 2.455; 0.419; N/A; N/A; N/A; N/A; 0.199; 0; N/A; classification; vp_tree; false; datasets/dense_d54_r581012_covtype.txt; 10000; 54; 0; dense; N/A; N/A; N/A; binary; 4; N/A; 1.79769e+308; -1.#IND; N/A; N/A; 10; 6; properties/0223__vp_tree__dense__no_cos__covtype__10000.txt; logs/run_report_2012_11_18_20_50_48.txt
14.766; 13.331; 1.435; N/A; N/A; N/A; N/A; 0.85; 0; N/A; classification; vp_tree; false; datasets/dense_d54_r581012_covtype.txt; 30000; 54; 0; dense; N/A; N/A; N/A; binary; 4; N/A; 1.79769e+308; -1.#IND; N/A; N/A; 10; 6; properties/0224__vp_tree__dense__no_cos__covtype__30000.txt; logs/run_report_2012_11_18_20_51_5.txt
31.897; 29.205; 2.692; N/A; N/A; N/A; N/A; 2.532; 0; N/A; classification; vp_tree; false; datasets/dense_d54_r581012_covtype.txt; 60000; 54; 0; dense; N/A; N/A; N/A; binary; 4; N/A; 1.79769e+308; -1.#IND; N/A; N/A; 10; 6; properties/0225__vp_tree__dense__no_cos__covtype__60000.txt; logs/run_report_2012_11_18_20_51_55.txt
0.123; 0.073; 0.05; N/A; N/A; N/A; N/A; 0.045; 0; N/A; classification; vp_tree; false; datasets/dense_d54_r581012_covtype.txt; 1000; 54; 0; sparse; N/A; N/A; N/A; binary; 4; N/A; 1.79769e+308; -1.#IND; N/A; N/A; 10; 6; properties/0231__vp_tree__sparse__no_cos__covtype__1000.txt; logs/run_report_2012_11_18_20_54_24.txt
1.606; 1.298; 0.308; N/A; N/A; N/A; N/A; 0.127; 0; N/A; classification; vp_tree; false; datasets/dense_d54_r581012_covtype.txt; 5000; 54; 0; sparse; N/A; N/A; N/A; binary; 4; N/A; 1.79769e+308; -1.#IND; N/A; N/A; 10; 6; properties/0232__vp_tree__sparse__no_cos__covtype__5000.txt; logs/run_report_2012_11_18_20_54_34.txt
4.172; 3.569; 0.603; N/A; N/A; N/A; N/A; 0.236; 0; N/A; classification; vp_tree; false; datasets/dense_d54_r581012_covtype.txt; 10000; 54; 0; sparse; N/A; N/A; N/A; binary; 4; N/A; 1.79769e+308; -1.#IND; N/A; N/A; 10; 6; properties/0233__vp_tree__sparse__no_cos__covtype__10000.txt; logs/run_report_2012_11_18_20_54_46.txt
16.812; 14.728; 2.084; N/A; N/A; N/A; N/A; 0.629; 0; N/A; classification; vp_tree; false; datasets/dense_d54_r581012_covtype.txt; 30000; 54; 0; sparse; N/A; N/A; N/A; binary; 4; N/A; 1.79769e+308; -1.#IND; N/A; N/A; 10; 6; properties/0234__vp_tree__sparse__no_cos__covtype__30000.txt; logs/run_report_2012_11_18_20_55_1.txt
45.647; 42.711; 2.936; N/A; N/A; N/A; N/A; 1.275; 0; N/A; classification; vp_tree; false; datasets/dense_d54_r581012_covtype.txt; 60000; 54; 0; sparse; N/A; N/A; N/A; binary; 4; N/A; 1.79769e+308; -1.#IND; N/A; N/A; 10; 6; properties/0235__vp_tree__sparse__no_cos__covtype__60000.txt; logs/run_report_2012_11_18_20_55_55.txt
0.118; 0.07; 0.048; N/A; N/A; N/A; N/A; 0.04; 0; N/A; classification; vp_tree; false; datasets/dense_d56_r100000_cup98.txt; 1000; 56; 0; dense; N/A; N/A; N/A; binary; 4; N/A; 1.79769e+308; -1.#IND; N/A; N/A; 10; 6; properties/0241__vp_tree__dense__no_cos__cup98__1000.txt; logs/run_report_2012_11_18_20_57_53.txt
1.48; 1.265; 0.215; N/A; N/A; N/A; N/A; 0.128; 0; N/A; classification; vp_tree; false; datasets/dense_d56_r100000_cup98.txt; 5000; 56; 0; dense; N/A; N/A; N/A; binary; 4; N/A; 1.79769e+308; -1.#IND; N/A; N/A; 10; 6; properties/0242__vp_tree__dense__no_cos__cup98__5000.txt; logs/run_report_2012_11_18_20_58_3.txt
4.026; 3.401; 0.625; N/A; N/A; N/A; N/A; 0.245; 0; N/A; classification; vp_tree; false; datasets/dense_d56_r100000_cup98.txt; 10000; 56; 0; dense; N/A; N/A; N/A; binary; 4; N/A; 1.79769e+308; -1.#IND; N/A; N/A; 10; 6; properties/0243__vp_tree__dense__no_cos__cup98__10000.txt; logs/run_report_2012_11_18_20_58_15.txt
20.94; 19.464; 1.476; N/A; N/A; N/A; N/A; 1.232; 0; N/A; classification; vp_tree; false; datasets/dense_d56_r100000_cup98.txt; 30000; 56; 0; dense; N/A; N/A; N/A; binary; 4; N/A; 1.79769e+308; -1.#IND; N/A; N/A; 10; 6; properties/0244__vp_tree__dense__no_cos__cup98__30000.txt; logs/run_report_2012_11_18_20_58_32.txt
83.944; 80.9; 3.044; N/A; N/A; N/A; N/A; 2.258; 0; N/A; classification; vp_tree; false; datasets/dense_d56_r100000_cup98.txt; 60000; 56; 0; dense; N/A; N/A; N/A; binary; 4; N/A; 1.79769e+308; -1.#IND; N/A; N/A; 10; 6; properties/0245__vp_tree__dense__no_cos__cup98__60000.txt; logs/run_report_2012_11_18_20_59_24.txt
0.397; 0.33; 0.067; N/A; N/A; N/A; N/A; 0.034; 0; N/A; classification; vp_tree; false; datasets/dense_d56_r100000_cup98.txt; 1000; 56; 0; sparse; N/A; N/A; N/A; binary; 4; N/A; 1.79769e+308; -1.#IND; N/A; N/A; 10; 6; properties/0251__vp_tree__sparse__no_cos__cup98__1000.txt; logs/run_report_2012_11_18_21_2_19.txt
4.214; 3.896; 0.318; N/A; N/A; N/A; N/A; 0.177; 0; N/A; classification; vp_tree; false; datasets/dense_d56_r100000_cup98.txt; 5000; 56; 0; sparse; N/A; N/A; N/A; binary; 4; N/A; 1.79769e+308; -1.#IND; N/A; N/A; 10; 6; properties/0252__vp_tree__sparse__no_cos__cup98__5000.txt; logs/run_report_2012_11_18_21_2_29.txt
17.395; 16.752; 0.643; N/A; N/A; N/A; N/A; 0.339; 0; N/A; classification; vp_tree; false; datasets/dense_d56_r100000_cup98.txt; 10000; 56; 0; sparse; N/A; N/A; N/A; binary; 4; N/A; 1.79769e+308; -1.#IND; N/A; N/A; 10; 6; properties/0253__vp_tree__sparse__no_cos__cup98__10000.txt; logs/run_report_2012_11_18_21_2_44.txt
70.864; 68.722; 2.142; N/A; N/A; N/A; N/A; 1.368; 0; N/A; classification; vp_tree; false; datasets/dense_d56_r100000_cup98.txt; 30000; 56; 0; sparse; N/A; N/A; N/A; binary; 4; N/A; 1.79769e+308; -1.#IND; N/A; N/A; 10; 6; properties/0254__vp_tree__sparse__no_cos__cup98__30000.txt; logs/run_report_2012_11_18_21_3_14.txt
224.932; 220.255; 4.677; N/A; N/A; N/A; N/A; 2.343; 0; N/A; classification; vp_tree; false; datasets/dense_d56_r100000_cup98.txt; 60000; 56; 0; sparse; N/A; N/A; N/A; binary; 4; N/A; 1.79769e+308; -1.#IND; N/A; N/A; 10; 6; properties/0255__vp_tree__sparse__no_cos__cup98__60000.txt; logs/run_report_2012_11_18_21_4_52.txt
0.126; 0.05; 0.076; N/A; N/A; N/A; N/A; 0.01; 0; N/A; classification; vp_tree; false; datasets/dense_d2_r62556_sequoia.txt; 1000; 2; 0; dense; N/A; N/A; N/A; binary; 4; N/A; 1.79769e+308; -1.#IND; N/A; N/A; 10; 6; properties/0261__vp_tree__dense__no_cos__sequoia__1000.txt; logs/run_report_2012_11_18_21_11_13.txt
0.712; 0.371; 0.341; N/A; N/A; N/A; N/A; 0.028; 0; N/A; classification; vp_tree; false; datasets/dense_d2_r62556_sequoia.txt; 5000; 2; 0; dense; N/A; N/A; N/A; binary; 4; N/A; 1.79769e+308; -1.#IND; N/A; N/A; 10; 6; properties/0262__vp_tree__dense__no_cos__sequoia__5000.txt; logs/run_report_2012_11_18_21_11_23.txt
1.618; 0.9; 0.718; N/A; N/A; N/A; N/A; 0.042; 0; N/A; classification; vp_tree; false; datasets/dense_d2_r62556_sequoia.txt; 10000; 2; 0; dense; N/A; N/A; N/A; binary; 4; N/A; 1.79769e+308; -1.#IND; N/A; N/A; 10; 6; properties/0263__vp_tree__dense__no_cos__sequoia__10000.txt; logs/run_report_2012_11_18_21_11_34.txt
8.311; 6.056; 2.255; N/A; N/A; N/A; N/A; 0.099; 0; N/A; classification; vp_tree; false; datasets/dense_d2_r62556_sequoia.txt; 30000; 2; 0; dense; N/A; N/A; N/A; binary; 4; N/A; 1.79769e+308; -1.#IND; N/A; N/A; 10; 6; properties/0264__vp_tree__dense__no_cos__sequoia__30000.txt; logs/run_report_2012_11_18_21_11_46.txt
24.435; 21.535; 2.9; N/A; N/A; N/A; N/A; 0.199; 0; N/A; classification; vp_tree; false; datasets/dense_d2_r62556_sequoia.txt; 60000; 2; 0; dense; N/A; N/A; N/A; binary; 4; N/A; 1.79769e+308; -1.#IND; N/A; N/A; 10; 6; properties/0265__vp_tree__dense__no_cos__sequoia__60000.txt; logs/run_report_2012_11_18_21_12_6.txt
0.108; 0.042; 0.066; N/A; N/A; N/A; N/A; 0.012; 0; N/A; classification; vp_tree; false; datasets/dense_d2_r62556_sequoia.txt; 1000; 2; 0; sparse; N/A; N/A; N/A; binary; 4; N/A; 1.79769e+308; -1.#IND; N/A; N/A; 10; 6; properties/0271__vp_tree__sparse__no_cos__sequoia__1000.txt; logs/run_report_2012_11_18_21_13_35.txt
0.858; 0.505; 0.353; N/A; N/A; N/A; N/A; 0.032; 0; N/A; classification; vp_tree; false; datasets/dense_d2_r62556_sequoia.txt; 5000; 2; 0; sparse; N/A; N/A; N/A; binary; 4; N/A; 1.79769e+308; -1.#IND; N/A; N/A; 10; 6; properties/0272__vp_tree__sparse__no_cos__sequoia__5000.txt; logs/run_report_2012_11_18_21_13_45.txt
2.396; 1.699; 0.697; N/A; N/A; N/A; N/A; 0.065; 0; N/A; classification; vp_tree; false; datasets/dense_d2_r62556_sequoia.txt; 10000; 2; 0; sparse; N/A; N/A; N/A; binary; 4; N/A; 1.79769e+308; -1.#IND; N/A; N/A; 10; 6; properties/0273__vp_tree__sparse__no_cos__sequoia__10000.txt; logs/run_report_2012_11_18_21_13_56.txt
6.767; 5.111; 1.656; N/A; N/A; N/A; N/A; 0.139; 0; N/A; classification; vp_tree; false; datasets/dense_d2_r62556_sequoia.txt; 30000; 2; 0; sparse; N/A; N/A; N/A; binary; 4; N/A; 1.79769e+308; -1.#IND; N/A; N/A; 10; 6; properties/0274__vp_tree__sparse__no_cos__sequoia__30000.txt; logs/run_report_2012_11_18_21_14_9.txt
15.557; 12.482; 3.075; N/A; N/A; N/A; N/A; 0.274; 0; N/A; classification; vp_tree; false; datasets/dense_d2_r62556_sequoia.txt; 60000; 2; 0; sparse; N/A; N/A; N/A; binary; 4; N/A; 1.79769e+308; -1.#IND; N/A; N/A; 10; 6; properties/0275__vp_tree__sparse__no_cos__sequoia__60000.txt; logs/run_report_2012_11_18_21_14_31.txt
2.26; 2.136; 0.124; N/A; N/A; N/A; N/A; 0.321; 0; N/A; classification; vp_tree; false; datasets/sparse_d126373_r8580_karypis_sport.txt; 1000; 126373; 0; sparse; N/A; N/A; N/A; binary; 4; N/A; 1.79769e+308; -1.#IND; N/A; N/A; 10; 6; properties/0291__vp_tree__sparse__no_cos__karypis_sport__1000.txt; logs/run_report_2012_11_18_21_15_26.txt
18.504; 18.183; 0.321; N/A; N/A; N/A; N/A; 0.688; 0; N/A; classification; vp_tree; false; datasets/sparse_d126373_r8580_karypis_sport.txt; 3000; 126373; 0; sparse; N/A; N/A; N/A; binary; 4; N/A; 1.79769e+308; -1.#IND; N/A; N/A; 10; 6; properties/0292__vp_tree__sparse__no_cos__karypis_sport__3000.txt; logs/run_report_2012_11_18_21_15_39.txt
56.664; 56.087; 0.577; N/A; N/A; N/A; N/A; 0.892; 0; N/A; classification; vp_tree; false; datasets/sparse_d126373_r8580_karypis_sport.txt; 5000; 126373; 0; sparse; N/A; N/A; N/A; binary; 4; N/A; 1.79769e+308; -1.#IND; N/A; N/A; 10; 6; properties/0293__vp_tree__sparse__no_cos__karypis_sport__5000.txt; logs/run_report_2012_11_18_21_16_9.txt
113.452; 112.708; 0.744; N/A; N/A; N/A; N/A; 1.083; 0; N/A; classification; vp_tree; false; datasets/sparse_d126373_r8580_karypis_sport.txt; 7000; 126373; 0; sparse; N/A; N/A; N/A; binary; 4; N/A; 1.79769e+308; -1.#IND; N/A; N/A; 10; 6; properties/0294__vp_tree__sparse__no_cos__karypis_sport__7000.txt; logs/run_report_2012_11_18_21_17_17.txt
169.693; 168.787; 0.906; N/A; N/A; N/A; N/A; 1.58; 0; N/A; classification; vp_tree; false; datasets/sparse_d126373_r8580_karypis_sport.txt; 8580; 126373; 0; sparse; N/A; N/A; N/A; binary; 4; N/A; 1.79769e+308; -1.#IND; N/A; N/A; 10; 6; properties/0295__vp_tree__sparse__no_cos__karypis_sport__8580.txt; logs/run_report_2012_11_18_21_19_23.txt
